"Timestamp","Username","Please enter your name:","How many hours would you like?","Event: New Student Orientation
Time: 9/17/23 12:00pm - 3:00pm
Location: Zoom","Event: New Student Orientation (Barrett)
Time: 9/24/23 12:00pm - 3:00pm
Location: Zoom"
"2023/09/02 12:10:26 PM MDT","pmoore12@asu.edu","Peter Moore","","No","Yes"
"2023/09/02 12:12:29 PM MDT","petermooreisawesome@gmail.com","Katy Barnes","","Yes","No"
"2023/09/02 12:15:50 PM MDT","petermooreworkemail@gmail.com","Evelin Crusa","","No","No"
"2023/09/28 9:08:34 PM MDT","thankfulcarp5@gmail.com","Lauren Voorhees","9","Yes","Yes"